{
  "@meta": {
    "version": "3.0.10",
    "build": 1702726783
  },
  "pods": [
    {
      "name": "photo_frame",
      "id": 5,
      "label": "Khung h\u00ecnh",
      "description": "",
      "type": "post_type",
      "storage": "meta",
      "label_singular": "Khung h\u00ecnh",
      "public": "0",
      "show_ui": "1",
      "rest_enable": "1",
      "supports_title": "1",
      "supports_editor": "0",
      "_migrated_28": "1",
      "rest_route": "/pods/v1/pods/5",
      "meta_box_context": "normal",
      "meta_box_priority": "default",
      "pick_object": "custom-simple",
      "required": "0",
      "publicly_queryable": "0",
      "exclude_from_search": "0",
      "capability_type": "post",
      "capability_type_extra": "1",
      "disable_create_posts": "0",
      "has_archive": "0",
      "hierarchical": "0",
      "can_export": "1",
      "rewrite": "1",
      "rewrite_with_front": "1",
      "rewrite_feeds": "0",
      "rewrite_pages": "1",
      "query_var": "1",
      "default_status": "publish",
      "supports_quick_edit": "0",
      "revisions_to_keep_limit": "0",
      "delete_with_user": "1",
      "rewrite_custom_slug": "photo-frame",
      "groups": [
        {
          "name": "main",
          "id": 6,
          "label": "Th\u00f4ng Tin",
          "description": "",
          "weight": 0,
          "rest_route": "/pods/v1/groups/6",
          "meta_box_context": "normal",
          "meta_box_priority": "high",
          "roles_allowed": "administrator",
          "fields": [
            {
              "name": "photo_frame_img",
              "id": 8,
              "label": "H\u00ecnh \u1ea3nh",
              "description": "",
              "weight": 0,
              "type": "file",
              "sister_id": "-- Select One --",
              "rest_route": "/pods/v1/fields",
              "required": "1",
              "file_format_type": "single",
              "file_uploader": "attachment",
              "file_type": "other",
              "file_attachment_tab": "upload",
              "file_upload_dir": "wp",
              "file_edit_title": "0",
              "file_show_edit_link": "0",
              "file_linked": "0",
              "file_limit": "0",
              "file_field_template": "rows",
              "file_add_button": "Th\u00eam",
              "file_modal_title": "Th\u00eam khung h\u00ecnh",
              "file_modal_add_button": "Th\u00eam",
              "file_wp_gallery_link": "file",
              "file_wp_gallery_columns": "3",
              "file_wp_gallery_size": "thumbnail",
              "repeatable": "0",
              "repeatable_format": "default",
              "roles_allowed": "administrator",
              "enable_conditional_logic": "0",
              "rest_pick_response": "array",
              "rest_pick_depth": "1",
              "file_allowed_extensions": "png",
              "rest_read": "1",
              "rest_write": "1"
            }
          ]
        }
      ]
    }
  ]
}
