{
  "pods": [
    {
      "name": "avatar_frame",
      "label": "Khung hình",
      "description": "",
      "type": "post_type",
      "storage": "meta",
      "label_singular": "Khung hình",
      "public": "0",
      "show_ui": "1",
      "rest_enable": "1",
      "supports_title": "1",
      "supports_editor": "0",
      "_migrated_28": "1",
      "write_all": "avatar_frame",
      "rest_api_field_mode": "value",
      "exclude_from_search": "1",
      "pick_object": "custom-simple",
      "required": "0",
      "label_add_new": "Thêm mới",
      "label_add_new_item": "Thêm khung hình mới",
      "read_all": "0",
      "show_in_menu": "1",
      "menu_position": "0",
      "show_in_nav_menus": "1",
      "show_in_admin_bar": "1",
      "capability_type": "post",
      "menu_name": "Khung hinfh",
      "name_admin_bar": "Khung hình",
      "groups": [
        {
          "name": "more_fields",
          "label": "Cấu hình",
          "description": "",
          "weight": 0,
          "fields": [
            {
              "name": "frame_image",
              "label": "Khung hình",
              "description": "Chọn hình để làm khung hình",
              "weight": 0,
              "type": "file",
              "sister_id": "-- Select One --",
              "required": "1",
              "file_format_type": "single",
              "file_uploader": "attachment",
              "file_type": "images",
              "file_attachment_tab": "upload",
              "file_upload_dir": "wp",
              "file_edit_title": "0",
              "file_show_edit_link": "0",
              "file_linked": "0",
              "file_limit": "0",
              "file_field_template": "rows",
              "file_add_button": "Add File",
              "file_modal_title": "Attach a file",
              "file_modal_add_button": "Add File",
              "file_wp_gallery_link": "file",
              "file_wp_gallery_columns": "3",
              "file_wp_gallery_size": "thumbnail",
              "repeatable": "0",
              "repeatable_format": "default",
              "roles_allowed": "administrator",
              "enable_conditional_logic": "0",
              "rest_pick_response": "array",
              "rest_pick_depth": "1",
              "file_restrict_filesize": "1MB",
              "rest_read": "1"
            }
          ]
        }
      ]
    }
  ]
}
